Athlete,Bodyweight (kg),Snatch (kg),Clean & Jerk (kg),Total (kg),Gender
Halil Mutlu (TUR),55.62,137.5,167.5,305,Men
Wu Wenxiong (CHN),55.48,125,162.5,287.5,Men
Zhang Xiangxiang (CHN),55.94,125,162.5,287.5,Men
Wang Shin-yuan (TPE),55.38,125,160,285,Men
Sergio Álvarez (CUB),55.66,120,155,275,Men
Adrian Jigău (ROM),55.72,122.5,152.5,275,Men
Vitali Dzerbianiou (BLR),55.96,125,150,275,Men
Yang Chin-yi (TPE),55.58,120,150,270,Men
Oleksandr Likhvald (UKR),55.86,120,155,270,Men
Hwang Kyu-dong (KOR),55.94,115,152.5,267.5,Men
Nelson Castro (COL),55.32,115,145,260,Men
Luis Medrano (GUA),55.94,115,142.5,257.5,Men
Koki Tagashira (JPN),55.44,112.5,140,252.5,Men
Éric Bonnel (FRA),55.7,112.5,140,252.5,Men
Yasuji Kikuzuma (JPN),55.82,105,145,250,Men
Thandava Murthy Muthu (IND),55.9,110,135,245,Men
Mehmet Yağcı (AUS),55.94,105,130,235,Men
Orlando Vásquez (NCA),55.84,102.5,130,232.5,Men
Gino Soupprayen (MRI),55.88,95,115,210,Men
Martinho de Araújo (IOA),55.54,67.5,90,157.5,Men
Manuel Minginfel (FSM),55.7,-1,-1,-1,Men
Ivan Ivanov (BUL),55.92,130,162.5,292.5,Men
Tara Nott (USA),47.48,82.5,102.5,185,Women
Raema Lisa Rumbewas (INA),47.98,80,105,185,Women
Sri Indriyani (INA),47.28,82.5,100,182.5,Women
Kay Thi Win (MYA),47.48,80,100,180,Women
Robin Goad (USA),47.66,77.5,100,177.5,Women
Kaori Niyanagi (JPN),47.66,75,100,175,Women
Eva Giganti (ITA),46.56,77.5,92.5,170,Women
Sabrina Richard (FRA),46.88,70,87.5,157.5,Women
Maria Elisabete Jorge (BRA),47.4,60,75,135,Women
Dika Toua (PNG),47.36,50,67.5,117.5,Women
Donka Mincheva (BUL),47.62,-1,-1,-1,Women
Izabela Dragneva (BUL),47.78,85,105,190,Women
Nikolaj Pešalov (CRO),61.56,150,175,325,Men
Leonidas Sabanis (GRE),61.3,147.5,170,317.5,Men
Henadzi Aliashchuk (BLR),61.68,142.5,175,317.5,Men
Le Maosheng (CHN),61.28,140,175,315,Men
Mehdi Panzvan (IRI),61.52,140,162.5,302.5,Men
Hiroshi Ikehata (JPN),61.78,135,165,300,Men
Vladimir Popov (MDA),61.56,135,160,295,Men
Elkhan Suleymanov (AZE),61.84,130,162.5,292.5,Men
Yurik Sarkisyan (AUS),61.74,125,165,290,Men
Zoltán Farkas (HUN),61.76,132.5,155,287.5,Men
Marcus Stephen (NRU),61.6,122.5,162.5,285,Men
Samson Matam (FRA),61.88,125,160,285,Men
Dmitriy Lomakin (KAZ),61.92,132.5,150,282.5,Men
Kim Young-tae (KOR),61.92,120,155,275,Men
Sunday Mathias (NGR),61.24,115,150,265,Men
Im Yong-su (PRK),61.7,137.5,-1,-1,Men
Ümürbek Bazarbaýew (TKM),61.78,125,-1,-1,Men
Aleksey Bortkov (RUS),61.82,-1,-1,-1,Men
Naim Süleymanoğlu (TUR),61.9,-1,-1,-1,Men
Chom Singnoi (THA),61.92,-1,-1,-1,Men
Sevdalin Minchev (BUL),61.56,140,177.5,317.5,Men
Yang Xia (CHN),52.46,100,125,225,Women
Li Feng-ying (TPE),52.42,97.5,115,212.5,Women
Winarni Binti Slamet (INA),52.44,90,112.5,202.5,Women
Franca Gbodo (NGR),52,85,110,195,Women
Swe Swe Win (MYA),52.08,85,110,195,Women
Sanamacha Chanu (IND),52.16,85,110,195,Women
Mari Nakaga (JPN),52.58,77.5,105,182.5,Women
Marioara Munteanu (ROM),53,82.5,97.5,180,Women
Karla Fernández (VEN),52.6,80,95,175,Women
Tarana Abbasova (AZE),52.78,75,90,165,Women
Galabin Boevski (BUL),68.78,162.5,195,357.5,Men
Georgi Markov (BUL),68.92,165,187.5,352.5,Men
Siarhei Laurenau (BLR),68.42,157.5,182.5,340,Men
Zhang Guozheng (CHN),68.64,152.5,185,337.5,Men
Rudik Petrosyan (ARM),68.84,147.5,187.5,335,Men
Valerios Leonidis (GRE),68.4,145,185,330,Men
Lee Bae-young (KOR),68.64,142.5,187.5,330,Men
Kim Hak-bong (KOR),68.84,147.5,182.5,330,Men
Turan Mirzayev (AZE),68.5,147.5,180,327.5,Men
Youssef Sbai (TUN),68.48,142.5,177.5,320,Men
Yoshihisa Miyaji (JPN),68.92,150,170,320,Men
François Demeure (BEL),68.58,140,170,310,Men
Giuseppe Ficco (ITA),68.92,132.5,170,302.5,Men
Yasin Arslan (TUR),68.2,135,165,300,Men
Sébastien Groulx (CAN),68.3,130,167.5,297.5,Men
Alexi Batista (PAN),68.48,112.5,130,242.5,Men
Wan Jianhui (CHN),68.98,147.5,-1,-1,Men
Soraya Jiménez (MEX),56.92,95,127.5,222.5,Women
Ri Song-hui (PRK),53.9,97.5,122.5,220,Women
Khassaraporn Suta (THA),56.84,92.5,117.5,210,Women
Maryse Turcotte (CAN),57.28,90,115,205,Women
Aleksandra Klejnowska (POL),57.16,90,112.5,202.5,Women
Khin Moe Nwe (MYA),57.12,90,110,200,Women
Nataliya Skakun (UKR),57.66,85,112.5,197.5,Women
Hanna Batsiushka (BLR),57.68,90,107.5,197.5,Women
Dagmar Daneková (SVK),56.74,82.5,105,187.5,Women
Natasha Barker (AUS),57.52,77.5,102.5,180,Women
Ingeborg Marx (BEL),57.48,77.5,100,177.5,Women
Meagan Warthold (AUS),57.14,75,100,175,Women
Sophia Vandagne (SEY),57.14,72.5,87.5,160,Women
Leila Lassouani (ALG),57.6,60,82.5,142.5,Women
Melissa Fejeran (GUM),57.8,57.5,75,132.5,Women
Evelyn Ebhomien (NGR),56.86,92.5,-1,-1,Women
Yuriko Takahashi (JPN),57.32,85,-1,-1,Women
Zhan Xugang (CHN),76.2,160,207.5,367.5,Men
Viktor Mitrou (GRE),76.48,165,202.5,367.5,Men
Arsen Melikyan (ARM),76.68,167.5,197.5,365,Men
Sergey Filimonov (KAZ),76.9,167.5,195,362.5,Men
Ilirjan Suli (ALB),76.66,162.5,192.5,355,Men
Jon Chol-ho (PRK),76.58,162.5,190,352.5,Men
Ingo Steinhöfel (GER),76.58,160,190,350,Men
Dmytro Hnidenko (UKR),76.58,160,190,350,Men
Idalberto Aranda (CUB),76.86,150,200,350,Men
Mehmet Yılmaz (TUR),76.6,160,187.5,347.5,Men
Ruslan Savchenko (UKR),76.9,157.5,180,337.5,Men
Oscar Chaplin (USA),76.84,155,180,335,Men
Ayhan Çiçek (TUR),76.88,145,180,325,Men
Damian Brown (AUS),76.8,145,175,320,Men
Carlos Saurí (PUR),76.92,140,165,305,Men
Joseph Bellon (SLE),76.48,95,105,200,Men
Mohammad Hossein Barkhah (IRI),76.16,-1,-1,-1,Men
Adrián Popa (HUN),76.54,-1,-1,-1,Men
Chen Xiaomin (CHN),62.82,112.5,130,242.5,Women
Valentina Popova (RUS),62.08,107.5,127.5,235,Women
Ioanna Chatziioannou (GRE),61.82,97.5,125,222.5,Women
Saipin Detsaeng (THA),62.38,102.5,120,222.5,Women
Kim Yong-ok (PRK),59.06,90,115,205,Women
Amanda Phillips (AUS),62.96,82.5,107.5,190,Women
Josefa Pérez (ESP),62.36,85,102.5,187.5,Women
Nora Köppel (ARG),62.12,80,102.5,182.5,Women
Kesaia Tawai (FIJ),62.96,75,90,165,Women
Pyrros Dimas (GRE),84.06,175,215,390,Men
Marc Huster (GER),84.22,177.5,212.5,390,Men
Giorgi Asanidze (GEO),84.7,180,210,390,Men
Krzysztof Siemion (POL),84.46,167.5,212.5,380,Men
Gagik Khachatryan (ARM),84.68,175,205,380,Men
Sergo Chakhoyan (AUS),82.4,175,202.5,377.5,Men
Christos Spyrou (GRE),83.2,170,205,375,Men
Ernesto Quiroga (CUB),84.8,165,210,375,Men
Mariusz Rytkowski (POL),84.64,170,200,370,Men
Valeriu Calancea (ROM),84.74,160,205,365,Men
Joel Mackenzie (CUB),84.86,165,200,365,Men
Nizami Pashayev (AZE),84.16,155,202.5,357.5,Men
Yury Myshkovets (RUS),84.82,162.5,192.5,355,Men
Bakhtiyor Nurullaev (UZB),84.42,160,192.5,352.5,Men
Mohamed Mousa (EGY),84.62,160,192.5,352.5,Men
Mital Sharipov (KGZ),84.54,155,190,345,Men
Sergio Mannironi (ITA),83.18,150,180,330,Men
Ofisa Ofisa (SAM),84.8,135,175,310,Men
Khodor Alaywan (LIB),81.56,130,160,290,Men
Shahin Nassirinia (IRI),85,-1,-1,-1,Men
Lin Weining (CHN),66.74,110,132.5,242.5,Women
Erzsébet Márkus (HUN),68.52,112.5,130,242.5,Women
Karnam Malleswari (IND),67.9,110,130,240,Women
Milena Trendafilova (BUL),67.76,100,132.5,232.5,Women
Daniela Kerkelova (BUL),68.12,100,132.5,232.5,Women
Irina Kasimova (RUS),68.56,100,130,230,Women
Pawina Thongsuk (THA),67.22,100,125,225,Women
Beata Prei (POL),67.5,100,125,225,Women
Michelle Kettner (AUS),67.8,100,122.5,222.5,Women
Aphinya Pharksupho (THA),68.28,102.5,120,222.5,Women
Maria Tatsi (GRE),67.42,92.5,127.5,220,Women
Eva Dimas (ESA),68.4,92.5,110,202.5,Women
Ruth Rivera (PUR),67.28,82.5,105,187.5,Women
Valerie Pedro (PLW),68.04,70,90,160,Women
Nagwan El-Zawawi (EGY),68.2,92.5,-1,-1,Women
Akakios Kakiasvilis (GRE),92.06,185,220,405,Men
Szymon Kołecki (POL),93.58,182.5,222.5,405,Men
Aleksey Petrov (RUS),93.3,180,222.5,402.5,Men
Kourosh Bagheri (IRI),93.42,187.5,215,402.5,Men
Vadim Vacarciuc (MDA),92.66,177.5,220,397.5,Men
Zoltán Kovács (HUN),94,180,217.5,397.5,Men
Bünyamin Sudaş (TUR),93.36,177.5,215,392.5,Men
Julio Luna (VEN),93.48,177.5,215,392.5,Men
Michel Batista (CUB),93.18,175,210,385,Men
Aleksander Karapetyan (AUS),94,175,207.5,382.5,Men
Andriy Demchuk (UKR),93.2,170,207.5,377.5,Men
Slavik Nyu (KAZ),92.46,175,200,375,Men
Andrey Makarov (KAZ),92.82,177.5,197.5,375,Men
Kiril Kounev (AUS),93.32,170,205,375,Men
Bakhyt Akhmetov (KGZ),93.04,175,192.5,367.5,Men
Pavel Bazuk (BLR),90.34,167.5,197.5,365,Men
Lars Betker (GER),93.1,165,200.5,365,Men
Sergejs Lazovskis (LAT),93.22,155,200,355,Men
Darío Lecman (ARG),92.64,135,170,305,Men
María Isabel Urrutia (COL),73.28,110,135,245,Women
Ruth Ogbeifo (NGR),74.2,105,140,245,Women
Kuo Yi-hang (TPE),74.52,107.5,137.5,245,Women
Kim Soon-hee (KOR),73.84,105,135,240,Women
Gyöngyi Likerecz (HUN),74.16,105,122.5,227.5,Women
Svetlana Khabirova (RUS),74.38,102.5,125,227.5,Women
Cara Heads (USA),72.64,102.5,120,222.5,Women
Wanda Rijo (DOM),73.74,95,120,215,Women
Mónica Carrió (ESP),74.18,95,110,205,Women
Karoliina Lundahl (FIN),74.36,-1,-1,-1,Women
Tatyana Khromova (KAZ),74.68,110,-1,-1,Women
Hossein Tavakkoli (IRI),104.7,190,235,425,Men
Alan Tsagaev (BUL),104.48,187.5,235,422.5,Men
Said Saif Asaad (QAT),104.12,190,230,420,Men
Ihor Razoronov (UKR),104.52,192.5,227.5,420,Men
Evgeny Chigishev (RUS),104.38,190,225,415,Men
Alexandru Bratan (MDA),104.16,190,220,410,Men
Florin Vlad (ROM),102.72,180,225,405,Men
Grzegorz Kleszcz (POL),104.68,185,220,405,Men
Mariusz Jędra (POL),104.52,175,215,390,Men
Boris Burov (ECU),103.42,182.5,205,387.5,Men
Ramūnas Vyšniauskas (LTU),104.16,175,210,385,Men
Moreno Boer (ITA),104.92,165,200,365,Men
Tevita Kofe Ngalu (TGA),103.96,127.5,167.5,295,Men
Anatoly Khrapaty (KAZ),103.06,-1,-1,-1,Men
Abdulaziz Alpak (TUR),103.14,175,-1,-1,Men
Denys Hotfrid (UKR),103.88,190,-1,-1,Men
Choi Jong-keun (KOR),104.38,-1,-1,-1,Men
Péter Tamton (HUN),104.4,175,-1,-1,Men
Thomas Yule (GBR),104.46,-1,-1,-1,Men
Mukhran Gogia (GEO),104.5,-1,-1,-1,Men
Evgeny Shishlyannikov (RUS),104.86,187.5,-1,-1,Men
Ding Meiyuan (CHN),103.56,135,165,300,Women
Agata Wróbel (POL),119.42,132.5,162.5,295,Women
Cheryl Haworth (USA),139.38,125,145,270,Women
Carmenza Delgado (COL),91.78,115,145,260,Women
Helen Idahosa (NGR),97.04,110,140,250,Women
Monique Riesterer (GER),93.52,112.5,132.5,245,Women
Moon Kyung-ae (KOR),94.52,110,135,245,Women
Olivia Baker (NZL),94.74,105,130,235,Women
Melinda Szik (HUN),97.3,107.5,127.5,235,Women
Sheeva Peo (NRU),92.34,97.5,122.5,220,Women
Vita Rudenok (UKR),106.98,115,-1,-1,Women
Hossein Rezazadeh (IRI),147.48,212.5,260,472.5,Men
Ronny Weller (GER),146.88,210,257.5,467.5,Men
Andrey Chemerkin (RUS),174.84,202.5,260,462.5,Men
Jaber Saeed Salem (QAT),123.64,205,255,460,Men
Kim Tae-hyun (KOR),133.36,200,260,460,Men
Viktors Ščerbatihs (LAT),131.58,202.5,250,452.5,Men
Paweł Najdek (POL),134.64,185,240,425,Men
Tibor Stark (HUN),140.62,195,230,425,Men
Hennadiy Krasylnykov (UKR),118.02,190,230,420,Men
Shane Hamman (USA),163.22,195,225,420,Men
Artem Udachyn (UKR),133.32,195,220,415,Men
Igor Khalilov (UZB),140.12,185,225,410,Men
Jon Tecedor (ESP),138.34,175,220,395,Men
Petr Sobotka (CZE),155.06,175,217.5,392.5,Men
Marius Alecu (ROM),116.04,175,215,390,Men
Valeri Sarava (GEO),115.54,170,215,385,Men
Nigel Avery (NZL),121.98,172.5,210,382.5,Men
Anthony Martin (AUS),144.34,162.5,207.5,370,Men
Chris Rae (AUS),132.02,155,205,360,Men
Alesana Sione (ASA),130.18,160,197.5,357.5,Men
Plaiter Reyes (DOM),137,157.5,195,352.5,Men
Hisaya Yoshimoto (JPN),112.4,180,-1,-1,Men
Raimonds Bergmanis (LAT),137.58,-1,-1,-1,Men
Ashot Danielyan (ARM),160.62,207.5,257.5,465,Men
Halil Mutlu (TUR),55.93,135,160,295,Men
Wu Meijin (CHN),55.69,130,157.5,287.5,Men
Sedat Artuç (TUR),55.36,125,155,280,Men
Vitali Dzerbianiou (BLR),55.85,127.5,152.5,280,Men
Óscar Figueroa (COL),55.93,125,155,280,Men
Adrian Jigău (ROM),55.79,120,155,275,Men
László Tancsics (HUN),55.45,122.5,150,272.5,Men
Jadi Setiadi (INA),53.86,117.5,145,262.5,Men
Nelson Castro (COL),55.71,117.5,145,262.5,Men
Mohammed Abdul-Monem (IRQ),55.97,120,135,255,Men
Ahmed Saad (EGY),55.92,102.5,130,232.5,Men
Masaharu Yamada (JPN),55.76,-1,-1,-1,Men
Nafaa Benami (ALG),55.4,105,-1,-1,Men
Mohd Faizal Baharom (MAS),55.47,110,-1,-1,Men
Yang Chin-yi (TPE),55.5,-1,-1,-1,Men
Wang Shin-yuan (TPE),55.3,-1,-1,-1,Men
Éric Bonnel (FRA),55.78,-1,-1,-1,Men
Nurcan Taylan (TUR),47.21,97.5,112.5,210,Women
Li Zhuo (CHN),47.65,92.5,112.5,205,Women
Aree Wiratthaworn (THA),47.82,85,115,200,Women
Kunjarani Devi (IND),47.78,82.5,107.5,190,Women
Izabela Dragneva (BUL),47.63,82.5,105,187.5,Women
Chen Han-tung (TPE),47.62,80,102.5,182.5,Women
Blessed Udoh (NGR),47.46,75,105,180,Women
Choe Un-sim (PRK),47.33,82.5,95,177.5,Women
Hiromi Miyake (JPN),47.38,77.5,97.5,175,Women
Tara Cunningham (USA),47.4,77.5,95,172.5,Women
Chen Wei-ling (TPE),47.01,75,95,170,Women
Gema Peris (ESP),47.46,77.5,90,167.5,Women
Enga Mohamed (EGY),47.74,75,90,165,Women
Rosmainar (INA),47.87,-1,-1,-1,Women
Nan Aye Khine (MYA),47.48,82.5,107.5,190,Women
Shi Zhiyong (CHN),61.96,152.5,172.5,325,Men
Le Maosheng (CHN),61.27,140,172.5,312.5,Men
Israel José Rubio (VEN),61.38,132.5,162.5,295,Men
Armen Ghazaryan (ARM),61.9,135,160,295,Men
Gustar Junianto (INA),61.27,132.5,160,292.5,Men
Samson Matam (FRA),61.74,127.5,160,287.5,Men
Ümürbek Bazarbaýew (TKM),61.68,130,157.5,287.5,Men
Sunarto Rasidi (INA),61.78,125,160,285,Men
Yang Sheng-hsiung (TPE),61.78,120,160,280,Men
Manuel Minginfel (FSM),61.53,120,152.5,272.5,Men
Toshio Imamura (JPN),61.66,120,150,270,Men
Asif Malikov (AZE),61.6,115,150,265,Men
Gert Trasha (ALB),61.99,115,140,255,Men
Ioan Veliciu (ROM),61.64,110,135,245,Men
Yacine Zouaki (MAR),61.63,95,130,225,Men
Kamran Panjavi (GBR),61.75,-1,-1,-1,Men
Sevdalin Minchev (BUL),61.56,137.5,-1,-1,Men
Im Yong-su (PRK),61.77,140,-1,-1,Men
Diego Salazar (COL),61.52,-1,-1,-1,Men
Leonidas Sabanis (GRE),61.49,145,167.5,312.5,Men
Udomporn Polsak (THA),52.83,97.5,125,222.5,Women
Raema Lisa Rumbewas (INA),52.8,95,115,210,Women
Mabel Mosquera (COL),51.82,87.5,110,197.5,Women
Marioara Munteanu (ROM),52.55,85,105,190,Women
Nastassia Novikava (BLR),52.95,87.5,102.5,190,Women
Dika Toua (PNG),52.58,75,102.5,177.5,Women
Virginie Lachaume (FRA),52.71,75,100,175,Women
Sanamacha Chanu (IND),51.91,82.5,107.5,190,Women
Zhang Guozheng (CHN),68.74,160,187.5,347.5,Men
Lee Bae-young (KOR),68.43,152.5,190,342.5,Men
Nikolaj Pešalov (CRO),68.07,150,187.5,337.5,Men
Turan Mirzayev (AZE),68.8,147.5,185,332.5,Men
Vencelas Dabaya (CMR),67.94,145,182.5,327.5,Men
Siarhei Laurenau (BLR),68.89,147.5,170,317.5,Men
Romuald Ernault (FRA),68.63,142.5,165,307.5,Men
Yukio Peter (NRU),68.71,135,167.5,302.5,Men
Stănel Stoica (ROM),68.96,142.5,160,302.5,Men
Kuo Cheng-wei (TPE),68.84,132.5,165,297.5,Men
Julio Idrovo (ECU),68.31,140,155,295,Men
Abdulmohsen Al-Bagir (KSA),68.54,127.5,160,287.5,Men
Jafar Al-Bagir (KSA),68.63,-1,-1,-1,Men
Miroslav Janíček (SVK),68.98,125,-1,-1,Men
Mehdi Panzvan (IRI),68.01,147.5,-1,-1,Men
Suriya Dattuyawat (THA),68.07,137.5,-1,-1,Men
Youssef Sbai (TUN),68.41,-1,-1,-1,Men
Chen Yanqing (CHN),57.17,107.5,130,237.5,Women
Ri Song-hui (PRK),57.22,102.5,130,232.5,Women
Wandee Kameaim (THA),57.27,102.5,127.5,230,Women
Aylin Daşdelen (TUR),57.47,100,125,225,Women
Aleksandra Klejnowska (POL),56.96,97.5,122.5,220,Women
Pak Hyon-suk (PRK),57.63,95,122.5,217.5,Women
Alexandra Escobar (ECU),56.52,95,120,215,Women
Patmawati Abdul Hamid (INA),57,95,117.5,212.5,Women
Michaela Breeze (GBR),57.45,92.5,120,212.5,Women
Franca Gbodo (NGR),57.47,95,117.5,212.5,Women
Maryse Turcotte (CAN),57.29,90,120,210,Women
Zlatina Atanasova (BUL),57.68,90,115,205,Women
Charikleia Kastritsi (GRE),57.48,90,110,200,Women
Namkhaidorjiin Bayarmaa (MGL),57.75,87.5,107.5,195,Women
Taner Sağır (TUR),76.1,172.5,202.5,375,Men
Sergey Filimonov (KAZ),76.65,172.5,200,372.5,Men
Reyhan Arabacıoğlu (TUR),76.04,165,195,360,Men
Viktor Mitrou (GRE),76.11,160,200,360,Men
Mohammad Hossein Barkhah (IRI),76.39,160,197.5,357.5,Men
Attila Feri (HUN),76.1,155,200,355,Men
Ivan Stoitsov (BUL),76.26,155,200,355,Men
Nader Sufyan Abbas (QAT),76.47,160,195,355,Men
Kim Kwang-hoon (KOR),76,155,195,350,Men
Sebastian Dogariu (ROM),76.96,155,190,345,Men
Octavio Mejías (VEN),76.46,155,187.5,342.5,Men
Theoharis Trasha (ALB),76.95,160,182.5,342.5,Men
Ingo Steinhöfel (GER),76.43,150,185,335,Men
Rudolf Lukáč (SVK),76.53,147.5,187.5,335,Men
Mohamed Eshtiwi (LBA),76.83,155,180,335,Men
Mohamed El-Tantawy (EGY),76.12,145,182.5,327.5,Men
Carlos Andica (COL),76.57,142.5,180,322.5,Men
Chad Vaughn (USA),76.9,145,175,320,Men
René Hoch (GER),76.41,142.5,170,312.5,Men
Uati Maposua (SAM),76.76,125,155,280,Men
Gevorg Aleksanyan (ARM),76.92,162.5,-1,-1,Men
Krzysztof Szramiak (POL),76.93,160,-1,-1,Men
Zhan Xugang (CHN),76.31,-1,-1,-1,Men
Vasile Hegheduş (ROM),76.99,-1,-1,-1,Men
Oleg Perepetchenov (RUS),76.67,170,195,365,Men
Nataliya Skakun (UKR),61.59,107.5,135,242.5,Women
Hanna Batsiushka (BLR),62.87,115,127.5,242.5,Women
Tatsiana Stukalava (BLR),62.9,100,122.5,222.5,Women
Hayet Sassi (TUN),62.5,95,120,215,Women
Kim Soo-kyung (KOR),62.96,92.5,122.5,215,Women
Nguyễn Thị Thiết (VIE),61.15,95,110,205,Women
Leila Lassouani (ALG),62.47,85,115,200,Women
Anastasia Tsakiri (GRE),62.08,97.5,-1,-1,Women
Karnam Malleswari (IND),62.83,-1,-1,-1,Women
Giorgi Asanidze (GEO),84.28,177.5,205,382.5,Men
Andrei Rybakou (BLR),84.58,180,200,380,Men
Pyrros Dimas (GRE),83.15,175,202.5,377.5,Men
Georgios Markoulas (GRE),83.77,167.5,205,372.5,Men
Yuan Aijun (CHN),83.97,167.5,205,372.5,Men
Aliaksandr Anishchanka (BLR),83.69,170,200,370,Men
Tigran Martirosyan (ARM),82.02,167.5,200,367.5,Men
Song Jong-shik (KOR),84.21,160,200,360,Men
Héctor Ballesteros (COL),83.7,157.5,197.5,355,Men
Oscar Chaplin (USA),84.97,160,190,350,Men
Ulanbek Moldodosov (KGZ),83.65,150,192.5,342.5,Men
Richard Scheer (SEY),84.74,140,165,305,Men
Meamea Thomas (KIR),84.24,130,162.5,292.5,Men
Julian McWatt (GUY),84.69,125,147.5,272.5,Men
Valeriu Calancea (ROM),84.35,160,-1,-1,Men
David Matam (FRA),84.66,167.5,-1,-1,Men
Zaur Takhushev (RUS),84.29,-1,-1,-1,Men
Sergo Chakhoyan (AUS),84.15,175,-1,-1,Men
Hamza Abu-Ghalia (LBA),84.52,147.5,-1,-1,Men
İzzet İnce (TUR),83.45,-1,-1,-1,Men
Chaehoi Fatihou (COM),81.72,-1,-1,-1,Men
Liu Chunhong (CHN),68.14,122.5,152.5,275,Women
Eszter Krutzler (HUN),68.41,117.5,145,262.5,Women
Zarema Kasaeva (RUS),68.67,117.5,145,262.5,Women
Slaveyka Ruzhinska (BUL),68.23,115,135,250,Women
Vanda Maslovska (UKR),67.72,110,135,245,Women
Milena Trendafilova (BUL),68.21,105,132.5,237.5,Women
Madeleine Yamechi (CMR),68.4,105,130,235,Women
Ubaldina Valoyes (COL),68.31,105,127.5,232.5,Women
Irene Ajambo (UGA),68.77,60,90,150,Women
Sibel Şimşek (TUR),68.97,-1,-1,-1,Women
Kang Mi-suk (KOR),68.68,100,-1,-1,Women
Milen Dobrev (BUL),92.58,187.5,220,407.5,Men
Khadzhimurat Akkaev (RUS),93.74,185,220,405,Men
Eduard Tyukin (RUS),93.16,182.5,215,397.5,Men
Shahin Nassirinia (IRI),92.89,172.5,220,392.5,Men
Julio Luna (VEN),93.35,170,220,390,Men
Hakan Yılmaz (TUR),93.45,175,215,390,Men
Bakhyt Akhmetov (KAZ),93.56,180,210,390,Men
Anatoliy Mushyk (UKR),89.33,175,212.5,387.5,Men
Santiago Martínez (ESP),93.35,175,207.5,382.5,Men
Eugen Bratan (MDA),93.1,175,205,380,Men
Nikolaos Kourtidis (GRE),92.39,167.5,210,377.5,Men
Yoandry Hernández (CUB),90.94,167.5,207.5,375,Men
Tadeusz Drzazga (POL),92.43,170,200,370,Men
Arsen Kasabiev (GEO),91.2,155,207.5,362.5,Men
Alibay Samadov (AZE),92.7,165,195,360,Men
Asghar Ebrahimi (IRI),93.72,165,190,355,Men
Darío Lecman (ARG),93.37,155,185,340,Men
Furkat Saidov (UZB),85.22,145,175,320,Men
Junior Faro (ARU),93.82,140,167.5,307.5,Men
Nizami Pashayev (AZE),92.45,-1,-1,-1,Men
Nikolay Kolev (BUL),92.89,177.5,-1,-1,Men
Akakios Kakiasvilis (GRE),91.28,180,-1,-1,Men
Najim Al-Radwan (KSA),92.76,-1,-1,-1,Men
Vadim Vacarciuc (MDA),93.35,-1,-1,-1,Men
Ramzi Al-Mahrous (KSA),90.81,150,-1,-1,Men
Pawina Thongsuk (THA),69.29,122.5,150,272.5,Women
Natalya Zabolotnaya (RUS),74.09,125,147.5,272.5,Women
Valentina Popova (RUS),72.89,120,145,265,Women
Gyöngyi Likerecz (HUN),74.19,115,142.5,257.5,Women
Christina Ioannidi (GRE),73.31,112.5,142.5,255,Women
Tatyana Khromova (KAZ),74.51,117.5,135,252.5,Women
Kim Soon-hee (KOR),74.25,112.5,137.5,250,Women
Tulia Medina (COL),70.96,112.5,132.5,245,Women
Nora Köppel (ARG),73.01,100,137.5,237.5,Women
Wanda Rijo (DOM),74.56,110,127.5,237.5,Women
Eva Dimas (ESA),74.31,105,125,230,Women
Damaris Aguirre (MEX),73.9,100,122.5,222.5,Women
Deborah Lovely (AUS),74.71,92.5,115,207.5,Women
Marie Jesika Dalou (MRI),74.12,57.5,72.5,130,Women
Nahla Ramadan (EGY),74.44,120,-1,-1,Women
Huang Shih-chun (TPE),73.84,-1,-1,-1,Women
Dmitry Berestov (RUS),104.68,195,230,425,Men
Ihor Razoronov (UKR),104.6,190,230,420,Men
Gleb Pisarevskiy (RUS),104.14,190,225,415,Men
Alexandru Bratan (MDA),104.24,192.5,222.5,415,Men
Ramūnas Vyšniauskas (LTU),103.91,187.5,222.5,410,Men
Alan Naniyev (AZE),104.34,190,220,410,Men
Matthias Steiner (AUT),104.35,182.5,222.5,405,Men
Aleksandr Urinov (UZB),102.22,185,215,400,Men
Mikhail Audzeyeu (BLR),104.93,185,215,400,Men
Andre Rohde (GER),103.9,177.5,217.5,395,Men
Michel Batista (CUB),103.96,182.5,212.5,395,Men
Tomáš Matykiewicz (CZE),103.74,177.5,215,392.5,Men
Sam Pera (COK),104.82,135,170,305,Men
Eleei Lalio (ASA),101.44,125,170,295,Men
Akos Sandor (CAN),104.92,-1,-1,-1,Men
Martin Tešovič (SVK),102.56,-1,-1,-1,Men
Said Saif Asaad (QAT),104.55,192.5,-1,-1,Men
Mohsen Beiranvand (IRI),104.02,-1,-1,-1,Men
Robert Dołęga (POL),103.83,-1,-1,-1,Men
Ferenc Gyurkovics (HUN),104.41,195,225,420,Men
Mykola Hordiychuk (UKR),102.54,185,210,395,Men
Zoltán Kovács (HUN),102.59,-1,-1,-1,Men
Tang Gonghong (CHN),119.52,122.5,182.5,305,Women
Jang Mi-ran (KOR),113.34,130,172.5,302.5,Women
Agata Wróbel (POL),124.68,130,160,290,Women
Viktória Varga (HUN),93.69,127.5,155,282.5,Women
Viktoriya Shaimardanova (UKR),88.14,130,150,280,Women
Cheryl Haworth (USA),131.95,125,155,280,Women
Olha Korobka (UKR),156.19,125,155,280,Women
Vasiliki Kasapi (GRE),120.57,125,152.5,277.5,Women
Carmenza Delgado (COL),94.37,120,150,270,Women
Manuela Rejas (PER),108.52,95,125,220,Women
Reanna Solomon (NRU),136.85,95,125,220,Women
Ivy Shaw (FIJ),83.7,85,100,185,Women
Hossein Rezazadeh (IRI),162.95,210,262.5,472.5,Men
Viktors Ščerbatihs (LAT),140.72,205,250,455,Men
Velichko Cholakov (BUL),161.31,207.5,240,447.5,Men
Hennadiy Krasylnykov (UKR),118.43,200,240,440,Men
Oleksiy Kolokoltsev (UKR),125.07,195,242.5,437.5,Men
Paweł Najdek (POL),140.44,190,240,430,Men
Shane Hamman (USA),158.93,192.5,237.5,430,Men
An Yong-kwon (KOR),136.9,202.5,225,427.5,Men
Igor Khalilov (UZB),145.33,187.5,232.5,420,Men
Grzegorz Kleszcz (POL),124.33,190,225,415,Men
Mohamed Ihsan (EGY),142.72,185,220,405,Men
Takanobu Iwazaki (JPN),127.7,170,215,385,Men
Joel Bran (GUA),134.26,160,210,370,Men
Itte Detenamo (NRU),137.65,155,192.5,347.5,Men
Stian Grimseth (NOR),158.3,185,-1,-1,Men
Ronny Weller (GER),151.84,195,-1,-1,Men
Ashot Danielyan (ARM),163.27,-1,-1,-1,Men
Long Qingquan (CHN),55.37,132,160,292,Men
Hoàng Anh Tuấn (VIE),55.97,130,160,290,Men
Eko Yuli Irawan (INA),55.91,130,158,288,Men
Yang Chin-yi (TPE),55.43,128,157,285,Men
Cha Kum-chol (PRK),55.85,128,155,283,Men
Sergio Álvarez (CUB),55.67,120,152,272,Men
Wang Shin-yuan (TPE),55.53,115,150,265,Men
Amirul Hamizan Ibrahim (MAS),55.77,121,144,265,Men
Masaharu Yamada (JPN),55.84,106,153,259,Men
Pongsak Maneetong (THA),55.64,116,142,258,Men
Yasunobu Sekikawa (JPN),55.79,114,142,256,Men
Sergio Rada (COL),55.74,112,140,252,Men
Tom Goegebuer (BEL),55.94,114,137,251,Men
Vito Dellino (ITA),55.99,110,137,247,Men
Igor Grabucea (MDA),55.63,109,130,239,Men
Sedat Artuç (TUR),55.98,-1,-1,-1,Men
Khalil El-Maaoui (TUN),55.87,126,-1,-1,Men
Ri Kyong-sok (PRK),55.82,-1,-1,-1,Men
Vitali Dzerbianiou (BLR),55.88,127,-1,-1,Men
Chen Wei-ling (TPE),47.11,84,112,196,Women
Im Jyoung-hwa (KOR),47.62,86,110,196,Women
Pensiri Laosirikul (THA),47.67,85,110,195,Women
Hiromi Miyake (JPN),47.35,80,105,185,Women
Mélanie Noël (FRA),47.91,80,97,177,Women
Misaki Oshiro (JPN),47.62,80,92,172,Women
Marzena Karpińska (POL),47.62,79,92,171,Women
Marilou Dozois-Prévost (CAN),47.75,76,90,166,Women
Karla Moreno (NCA),47.07,65,85,150,Women
Pramsiri Bunphithak (THA),47.95,-1,-1,-1,Women
Genny Pagliaro (ITA),47.85,-1,-1,-1,Women
Chen Xiexia (CHN),47.46,95,117,212,Women
Sibel Özkan (TUR),47.8,88,111,199,Women
Nurcan Taylan (TUR),47.84,-1,-1,-1,Women
Zhang Xiangxiang (CHN),61.91,143,176,319,Men
Diego Salazar (COL),61.47,138,167,305,Men
Triyatno (INA),61.9,135,163,298,Men
Antoniu Buci (ROU),61.66,130,165,295,Men
Phaisan Hansawong (THA),61.6,132,162,294,Men
Lázaro Ruiz (CUB),61.75,132,162,294,Men
Tolkunbek Hudaýbergenow (TKM),61.96,126,162,288,Men
Mohamed Abdelbaki (EGY),62,129,159,288,Men
Yang Sheng-hsiung (TPE),61.97,130,157,287,Men
Henadzi Makhveyenia (BLR),61.95,128,150,278,Men
Manuel Minginfel (FSM),61.69,120,155,275,Men
Jasvir Singh (CAN),61.67,115,151,266,Men
Ji Hun-min (KOR),61.91,142,-1,-1,Men
Im Yong-su (PRK),61.6,138,-1,-1,Men
Óscar Figueroa (COL),61.66,-1,-1,-1,Men
Ümürbek Bazarbaýew (TKM),61.96,133,-1,-1,Men
Sardar Hasanov (AZE),61.96,128,-1,-1,Men
Prapawadee Jaroenrattanatarakoon (THA),52.47,95,126,221,Women
Yoon Jin-hee (KOR),52.72,94,119,213,Women
Raema Lisa Rumbewas (INA),52.95,91,115,206,Women
Yuderqui Contreras (DOM),52.74,93,111,204,Women
Melanie Roach (USA),52.54,83,110,193,Women
Julia Rohde (GER),52.79,82,103,185,Women
Dika Toua (PNG),52.53,80,104,184,Women
Judith Chacón (VEN),52.96,80,101,181,Women
Nastassia Novikava (BLR),52.87,95,118,213,Women
Liao Hui (CHN),68.97,158,190,348,Men
Vencelas Dabaya (FRA),68.38,151,187,338,Men
Yordanis Borrero (CUB),68.92,148,180,328,Men
Turan Mirzayev (AZE),68.86,146,181,327,Men
Kim Chol-jin (PRK),68.64,146,180,326,Men
Afgan Bayramov (AZE),68.41,145,175,320,Men
Sitthisak Suphalak (THA),68.99,147,171,318,Men
Yoshito Shintani (JPN),68.76,135,175,310,Men
Tarek Yehia (EGY),68.87,138,172,310,Men
Edi Kurniawan (INA),68.85,135,172,307,Men
Israel José Rubio (VEN),68.23,139,167,306,Men
Artyom Shaloyan (GER),68.79,135,165,300,Men
Luis Miguel Pineda (COL),68.14,132,167,299,Men
Chinthana Vidanage (SRI),68.9,128,165,293,Men
Francis Luna-Grenier (CAN),68.97,131,162,293,Men
Welisson Silva (BRA),68.92,135,155,290,Men
Răzvan Martin (ROU),68.85,130,158,288,Men
Dimitris Minasidis (CYP),66.32,128,155,283,Men
Mark Spooner (NZL),68.86,123,158,281,Men
Kamal Bahadur Adhikari (NEP),68.67,114,154,268,Men
Logona Esau (TUV),68.14,110,144,254,Men
Nizom Sangov (TJK),66.06,115,135,250,Men
Shi Zhiyong (CHN),68.17,152,-1,-1,Men
Alexandru Roșu (ROU),68.91,136,-1,-1,Men
Giorgio De Luca (ITA),68.93,131,-1,-1,Men
Gert Trasha (ALB),68.68,-1,-1,-1,Men
Edwin Mosquera (COL),68.59,-1,-1,-1,Men
Lee Bae-young (KOR),68.67,155,-1,-1,Men
Tigran Martirosyan (ARM),68.9,153,185,338,Men
Alexandru Dudoglo (MDA),68.68,145,172,317,Men
Chen Yanqing (CHN),57.66,106,138,244,Women
O Jong-ae (PRK),57.15,95,131,226,Women
Wandee Kameaim (THA),57.25,98,128,226,Women
Alexandra Escobar (ECU),57.82,99,124,223,Women
Romela Begaj (ALB),57.56,98,118,216,Women
Aleksandra Klejnowska (POL),57.66,95,120,215,Women
Roxana Cocoș (ROU),57.88,89,115,204,Women
Geralee Vega (PUR),57.51,90,112,202,Women
Marieta Gotfryd (POL),57.7,90,110,200,Women
Hidilyn Diaz (PHI),56.28,85,107,192,Women
Wendy Hale (SOL),57.15,78,95,173,Women
Marina Shainova (RUS),57.93,98,129,227,Women
Sa Jae-hyouk (KOR),76.46,163,203,366,Men
Li Hongli (CHN),76.91,168,198,366,Men
Gevorg Davtyan (ARM),76.77,165,195,360,Men
Kim Kwang-hoon (KOR),76.86,155,200,355,Men
Oleg Perepetchenov (RUS),76.8,162,192,354,Men
Iván Cambar (CUB),76.53,157,196,353,Men
Ara Khachatryan (ARM),76.78,162,191,353,Men
Krzysztof Szramiak (POL),76.71,161,191,352,Men
Vladimir Kuznetsov (KAZ),76.86,160,191,351,Men
Siarhei Lahun (BLR),76.56,157,192,349,Men
Sandow Nasution (INA),76.92,153,194,347,Men
Mahmoud El-Haddad (EGY),76.73,150,192,342,Men
Erkand Qerimaj (ALB),76.52,154,187,341,Men
Giovanni Bardis (FRA),76.83,156,173,329,Men
Felix Ekpo (NGR),75.83,143,183,325,Men
Sherzodjon Yusupov (UZB),76.24,144,178,322,Men
José Ocando (VEN),76.9,140,182,322,Men
Răzvan Rusu (ROU),76.69,140,170,310,Men
Carlos Espeleta (ARG),76.93,140,170,310,Men
Andrei Guțu (MDA),76.38,145,160,305,Men
Richie Patterson (NZL),76.57,130,170,300,Men
Darryn Anthony (RSA),76.98,135,160,295,Men
Josefa Vueti (FIJ),76.15,124,155,279,Men
Romain Marchessou (MON),75.53,110,140,250,Men
János Baranyai (HUN),76.92,145,-1,-1,Men
Octavio Mejías (VEN),76.53,152,-1,-1,Men
Taner Sağır (TUR),76.73,-1,-1,-1,Men
Chad Vaughn (USA),76.81,147,-1,-1,Men
Pak Hyon-suk (PRK),61.8,106,135,241,Women
Lu Ying-chi (TPE),62.46,104,127,231,Women
Christine Girard (CAN),62.44,102,126,228,Women
Nguyễn Thị Thiết (VIE),62.49,100,125,225,Women
Kim Soo-kyung (KOR),62.74,98,127,225,Women
Ruth Kasirye (NOR),62.62,103,121,224,Women
Luz Acosta (MEX),62.84,103,120,223,Women
Mercedes Pérez (COL),62.48,97,120,217,Women
Namkhaidorjiin Bayarmaa (MGL),62.5,90,123,213,Women
Dominika Misterska (POL),62.6,94,117,211,Women
Natalie Woolfolk (USA),62.72,97,114,211,Women
Solenny Villasmil (VEN),62.6,90,115,205,Women
Carissa Gump (USA),62.2,88,116,204,Women
Michaela Breeze (GBR),61.55,85,100,185,Women
Hanene Ourfelli (TUN),62.38,80,95,175,Women
María Teresa Monasterio (BOL),62.96,63,78,141,Women
Svetlana Tsarukaeva (RUS),62.37,-1,-1,-1,Women
Leila Lassouani (ALG),62.28,85,-1,-1,Women
Irina Nekrassova (KAZ),62.86,110,130,240,Women
Maiya Maneza (KAZ),62.12,-1,-1,-1,Women
Lu Yong (CHN),84.41,180,214,394,Men
Tigran Martirosyan (ARM),83.78,177,203,380,Men
Jadier Valladares (CUB),84.84,169,203,372,Men
Benjamin Hennequin (FRA),84.55,162,205,367,Men
Mansurbek Chashemov (UZB),84.71,165,202,367,Men
Kendrick Farris (USA),84.14,160,202,362,Men
Carlos Andica (COL),84.62,155,201,356,Men
Ulanbek Moldodosov (KGZ),84.74,152,194,346,Men
Ondrej Kutlík (SVK),84.89,150,193,343,Men
Benedict Uloko (NGR),84.97,148,191,339,Men
Brice Batchaya (CMR),82.77,153,180,333,Men
David Katoatau (KIR),84.17,135,178,313,Men
Terrence Dixie (SEY),82.67,115,140,255,Men
İzzet İnce (TUR),84.29,170,-1,-1,Men
Vadzim Straltsou (BLR),84.37,-1,-1,-1,Men
Rauli Tsirekidze (GEO),84.55,143,-1,-1,Men
Herbys Márquez (VEN),84.91,-1,-1,-1,Men
Edgar Gevorgyan (ARM),84.69,176,-1,-1,Men
Andrei Rybakou (BLR),84.69,185,209,394,Men
Vladimir Sedov (KAZ),84.54,180,200,380,Men
Intigam Zairov (AZE),84.52,166,195,361,Men
Oxana Slivenko (RUS),68.47,115,140,255,Women
Leydi Solís (COL),67.54,105,135,240,Women
Abeer Abdelrahman (EGY),69,105,133,238,Women
Tulia Medina (COL),68.63,106,124,230,Women
Hanna Batsiushka (BLR),68.65,105,120,225,Women
Rika Saito (JPN),68.65,87,122,209,Women
Iriner Jiménez (VEN),65.33,90,-1,-1,Women
Hong Yong-ok (PRK),68.07,-1,-1,-1,Women
Liu Chunhong (CHN),68.87,128,158,286,Women
Nataliya Davydova (UKR),68.63,115,135,250,Women
Szymon Kołecki (POL),93.73,179,224,403,Men
Arsen Kasabiev (GEO),93.69,176,223,399,Men
Yoandry Hernández (CUB),92.3,178,215,393,Men
Asghar Ebrahimi (IRI),92.32,180,212,392,Men
Roman Konstantinov (RUS),93.9,175,212,387,Men
Jürgen Spieß (GER),93.74,173,211,384,Men
José Juan Navarro (ESP),93.09,173,210,383,Men
Artem Ivanov (UKR),93.97,170,210,380,Men
Vadim Vacarciuc (MDA),93.69,168,205,373,Men
Eugen Bratan (MDA),93.71,170,200,370,Men
Konstantinos Gkaripis (GRE),93.01,160,200,360,Men
Anastasios Triantafyllou (GRE),93.9,155,196,351,Men
Ravi Bhollah (MRI),93.03,125,150,275,Men
Bartłomiej Bonk (POL),93,175,-1,-1,Men
Eduardo Guadamud (ECU),93.71,165,-1,-1,Men
Ilya Ilyin (KAZ),93.64,180,226,406,Men
Khadzhimurat Akkaev (RUS),92.99,185,217,402,Men
Nizami Pashayev (AZE),93.83,181,215,396,Men
Alla Vazhenina (KAZ),73.88,119,147,266,Women
Lidia Valentín (ESP),74.42,115,135,250,Women
Damaris Aguirre (MEX),74.82,109,136,245,Women
Ubaldina Valoyes (COL),73.3,110,134,244,Women
Jeane Lassen (CAN),74.42,105,135,240,Women
Nadiya Myronyuk (UKR),74.11,105,132,237,Women
Yuliya Novakovich (BLR),74.19,110,127,237,Women
Elizabeth Poblete (CHI),74.43,91,106,197,Women
Cao Lei (CHN),73.16,128,154,282,Women
Nadezhda Evstyukhina (RUS),73.33,117,147,264,Women
Iryna Kulesha (BLR),74.78,118,137,255,Women
Hripsime Khurshudyan (ARM),74.74,105,130,235,Women
Andrei Aramnau (BLR),104.76,200,236,436,Men
Dmitry Klokov (RUS),104.72,193,230,423,Men
Marcin Dołęga (POL),104.37,195,225,420,Men
Bakhyt Akhmetov (KAZ),102.13,190,225,415,Men
Albert Kuzilov (GEO),102.48,182,227,409,Men
Sergey Istomin (KAZ),102.03,181,225,406,Men
Robert Dołęga (POL),104.27,184,221,405,Men
Nikolaos Kourtidis (GRE),103.36,176,221,397,Men
Mohsen Beiranvand (IRI),104.34,180,210,390,Men
Oleksiy Torokhtiy (UKR),104.64,177,213,390,Men
Ahed Joughili (SYR),104.9,170,216,386,Men
Abdelrahman El-Sayed (EGY),104.84,175,210,385,Men
Bünyamin Sudaş (TUR),104.39,166,207,373,Men
Libor Wälzer (CZE),104.64,163,187,350,Men
Christian López (GUA),103.76,150,186,336,Men
Moreno Boer (ITA),104.45,150,180,330,Men
Ramūnas Vyšniauskas (LTU),104.18,180,-1,-1,Men
Martin Tešovič (SVK),104.47,-1,-1,-1,Men
Dmitry Lapikov (RUS),104.3,190,230,420,Men
Ihor Razoronov (UKR),104.58,187,223,410,Men
Jang Mi-ran (KOR),116.75,140,186,326,Women
Ele Opeloge (SAM),123.89,119,150,269,Women
Mariam Usman (NGR),115.3,115,150,265,Women
Cheryl Haworth (USA),136.29,115,144,259,Women
Yuliya Dovhal (UKR),96.05,118,140,258,Women
Deborah Lovely (AUS),94.19,113,135,248,Women
Victoria Mavridou (GRE),102.15,105,126,231,Women
Cristina Cornejo (PER),117.5,97,128,225,Women
Eva Dimas (ESA),86.85,105,-1,-1,Women
Olha Korobka (UKR),166.97,124,153,277,Women
Mariya Grabovetskaya (KAZ),112.93,120,150,270,Women
Matthias Steiner (GER),145.93,203,258,461,Men
Evgeny Chigishev (RUS),124.13,210,250,460,Men
Viktors Ščerbatihs (LAT),144.97,206,242,448,Men
Artem Udachyn (UKR),144.09,207,235,442,Men
Ihor Shymechko (UKR),130.25,201,232,433,Men
Rashid Sharifi (IRI),142.89,196,230,426,Men
Grzegorz Kleszcz (POL),131.16,185,234,419,Men
Almir Velagić (GER),132.16,188,225,413,Men
Damon Kelly (AUS),154.15,165,221,386,Men
Itte Detenamo (NRU),148.48,175,210,385,Men
Antti Everi (FIN),130.04,171,195,366,Men
Sam Pera (COK),122.96,155,195,350,Men
Maamaloa Lolohea (TGA),135.13,140,173,313,Men
Jeon Sang-guen (KOR),155.49,-1,-1,-1,Men
Om Yun-chol (PRK),55.76,125,168,293,Men
Wu Jingbiao (CHN),55.91,133,156,289,Men
Trần Lê Quốc Toàn (VIE),55.84,125,159,284,Men
Jadi Setiadi (INA),55.48,127,150,277,Men
José Montes (MEX),55.8,112,157,269,Men
Sergio Rada (COL),55.89,118,151,269,Men
Carlos Berna (COL),55.55,118,150,268,Men
Sin Chol-bom (PRK),55.72,113,145,258,Men
Yasmani Romero (CUB),55.95,112,146,258,Men
Tom Goegebuer (BEL),55.88,115,132,247,Men
Manueli Tulo (FIJ),55.77,105,128,233,Men
Mirco Scarantino (ITA),55.42,97,128,225,Men
Sergio Álvarez (CUB),55.96,121,-1,-1,Men
Bekzat Osmonaliev (KGZ),55.93,127,-1,-1,Men
Ruslan Makarov (UZB),55.96,117,-1,-1,Men
Khalil El-Maaoui (TUN),55.39,132,-1,-1,Men
Valentin Hristov (AZE),55.84,127,159,286,Men
Florin Croitoru (ROU),55.9,121,147,268,Men
Wang Mingjuan (CHN),47.73,91,114,205,Women
Hiromi Miyake (JPN),47.74,87,110,197,Women
Ryang Chun-hwa (PRK),47.52,80,112,192,Women
Sirivimon Pramongkhol (THA),47.23,82,109,191,Women
Nurdan Karagöz (TUR),46.99,83,104,187,Women
Honami Mizuochi (JPN),47.77,80,96,176,Women
Ngangbam Soniya Chanu (IND),47.74,74,97,171,Women
Betsi Rivas (VEN),47.43,70,98,168,Women
Beatriz Pirón (DOM),47.85,77,90,167,Women
Mélanie Bardis (FRA),47.71,73,93,166,Women
Lely Burgos (PUR),47.61,65,92,157,Women
Nathalia Rakotondramanana (MAD),47.74,55,80,135,Women
Panida Khamsri (THA),47.45,-1,-1,-1,Women
Marina Sisoeva (UZB),47.85,-1,-1,-1,Women
Kim Un-guk (PRK),61.77,153,174,327,Men
Óscar Figueroa (COL),61.76,140,177,317,Men
Eko Yuli Irawan (INA),61.89,145,172,317,Men
Zhang Jie (CHN),61.86,140,174,314,Men
Hurşit Atak (TUR),61.93,130,172,302,Men
Ümürbek Bazarbaýew (TKM),61.95,135,167,302,Men
Muhammad Hasbi (INA),61.81,138,163,301,Men
Ahmed Saad (EGY),61.63,130,162,292,Men
Manuel Minginfel (FSM),61.86,127,158,285,Men
Julio Salamanca (ESA),61.03,110,150,260,Men
Tuau Lapua Lapua (TUV),61.62,108,135,243,Men
Charles Ssekyaaya (UGA),61.47,105,130,235,Men
Stevick Patris (PLW),61.34,104,130,234,Men
Ji Hun-min (KOR),61.57,135,-1,-1,Men
Erol Bilgin (TUR),61.9,135,165,300,Men
Hsu Shu-ching (TPE),52.41,96,123,219,Women
Citra Febrianti (INA),52.53,91,115,206,Women
Iulia Paratova (UKR),52.43,91,108,199,Women
Rusmeris Villar (COL),52.59,87,109,196,Women
Aleksandra Klejnowska (POL),52.67,84,112,196,Women
Nguyễn Thị Thúy (VIE),52.23,85,110,195,Women
Yu Weili (HKG),52.95,90,105,195,Women
Inmara Henríquez (VEN),52.84,81,113,194,Women
Julia Rohde (GER),52.45,85,108,193,Women
Kanae Yagi (JPN),52.36,82,109,191,Women
Joanna Łochowska (POL),52.57,84,107,191,Women
Dika Toua (PNG),52.48,79,95,174,Women
Helena Wong (SIN),52.31,61,73,134,Women
Yuderqui Contreras (DOM),52.95,-1,-1,-1,Women
Zhou Jun (CHN),52.8,-1,-1,-1,Women
Aylin Daşdelen (TUR),52.91,91,-1,-1,Women
Zulfiya Chinshanlo (KAZ),52.7,95,131,226,Women
Cristina Iovu (MDA),52.79,99,120,219,Women
Lin Qingfeng (CHN),67.79,157,187,344,Men
Triyatno (INA),68.88,145,188,333,Men
Kim Myong-hyok (PRK),68.78,145,184,329,Men
Junior Sánchez (VEN),68.67,148,180,328,Men
Won Jeong-sik (KOR),68.73,144,178,322,Men
Briken Calja (ALB),68.96,143,177,320,Men
Mohamed Abdelbaki (EGY),68.97,145,171,316,Men
Kim Kum-sok (PRK),68.61,140,175,315,Men
Deni (INA),67.63,140,171,311,Men
Daniýar Ysmaýylow (TKM),68.06,145,165,310,Men
Doyler Sánchez (COL),68.11,138,170,308,Men
Katulu Ravi Kumar (IND),68.67,136,167,303,Men
Atthaphon Daengchanthuek (THA),68.83,130,170,300,Men
Gareth Evans (GBR),68.31,130,158,288,Men
Bünyamin Sezer (TUR),66.95,130,145,275,Men
Arakel Mirzoyan (ARM),68.73,148,-1,-1,Men
Daniel Godelli (ALB),68.49,-1,-1,-1,Men
Afgan Bayramov (AZE),68.54,-1,-1,-1,Men
Bakhram Mendibaev (UZB),68.69,-1,-1,-1,Men
Vencelas Dabaya (FRA),68.66,-1,-1,-1,Men
Bernardin Matam (FRA),68.32,-1,-1,-1,Men
Răzvan Martin (ROU),68.61,152,180,332,Men
Mete Binay (TUR),68.7,150,175,325,Men
Sardar Hasanov (AZE),68.77,145,176,321,Men
Li Xueying (CHN),57.98,108,138,246,Women
Pimsiri Sirikaew (THA),57.76,100,136,236,Women
Rattikan Gulnoi (THA),57.71,100,134,234,Women
Jong Chun-mi (PRK),57.63,101,130,231,Women
Nastassia Novikava (BLR),57.94,103,127,230,Women
Kuo Hsing-chun (TPE),56.95,99,129,228,Women
Alexandra Escobar (ECU),57.48,103,123,226,Women
Jackelina Heredia (COL),57.86,100,125,225,Women
Romela Begaj (ALB),57.94,101,115,216,Women
Zoe Smith (GBR),57.97,90,121,211,Women
Christin Ulrich (GER),57.4,93,114,207,Women
Yang Eun-hye (KOR),57.93,87,113,200,Women
Bediha Tunadağı (TUR),57.34,87,107,194,Women
Annie Moniqui (CAN),57.91,85,105,190,Women
Jenly Tegu Wini (SOL),57.43,65,95,160,Women
Hidilyn Diaz (PHI),57.7,97,-1,-1,Women
Lina Rivas (COL),57.73,103,-1,-1,Women
Yuliya Kalina (UKR),57.6,106,129,235,Women
Boyanka Kostova (AZE),56.93,105,128,233,Women
Lü Xiaojun (CHN),76.62,175,204,379,Men
Lu Haojie (CHN),76.37,170,190,360,Men
Iván Cambar (CUB),76.7,155,194,349,Men
Chatuphum Chinnawong (THA),76.64,157,191,348,Men
Ibrahim Ramadan (EGY),76.79,155,192,347,Men
Andrés Mata (ESP),76.93,150,188,338,Men
Krzysztof Zwarycz (POL),76.97,150,182,332,Men
Felix Ekpo (NGR),76.23,151,180,331,Men
Kirill Pavlov (KAZ),76.77,147,175,322,Men
Jack Oliver (GBR),76.45,140,170,310,Men
Toafitu Perive (SAM),75.95,122,167,289,Men
Sa Jae-hyouk (KOR),76.56,158,-1,-1,Men
Christine Girard (CAN),62.87,103,133,236,Women
Milka Maneva (BUL),62.66,102,131,233,Women
Luz Acosta (MEX),62.91,99,125,224,Women
Seen Lee (AUS),59.65,83,103,186,Women
Maria Liku (FIJ),61.45,82,100,182,Women
Lucía Castañeda (NCA),62.45,79,97,176,Women
Silvana Saldarriaga (PER),58.11,75,97,172,Women
Maiya Maneza (KAZ),62.21,110,135,245,Women
Svetlana Tsarukaeva (RUS),62.42,112,125,237,Women
Sibel Şimşek (TUR),62.28,105,130,235,Women
Adrian Zieliński (POL),84.62,174,211,385,Men
Kianoush Rostami (IRI),84.35,171,209,380,Men
Tarek Yehia (EGY),84.7,165,210,375,Men
Ivan Markov (BUL),84.71,172,203,375,Men
Ragab Abdelhay (EGY),84.81,165,207,372,Men
Yoelmis Hernández (CUB),82.28,163,205,368,Men
Kendrick Farris (USA),84.7,155,200,355,Men
Sherzodjon Yusupov (UZB),84.72,155,195,350,Men
Pitaya Tibnoke (THA),84.47,152,196,348,Men
Safaa Rashed (IRQ),83.01,150,195,345,Men
Richie Patterson (NZL),84.46,150,186,336,Men
Steven Kari (PNG),84.74,140,180,320,Men
Nezir Sağır (TUR),83.45,140,175,315,Men
Mansur Rejepow (TKM),84.57,160,-1,-1,Men
Lu Yong (CHN),84.54,178,-1,-1,Men
Sohrab Moradi (IRI),84.19,-1,-1,-1,Men
Benjamin Hennequin (FRA),84.44,-1,-1,-1,Men
Ara Khachatryan (ARM),84.74,-1,-1,-1,Men
Andrei Rybakou (BLR),84.09,-1,-1,-1,Men
Apti Aukhadov (RUS),84.75,175,210,385,Men
Mikalai Novikau (BLR),84.71,167,196,363,Men
Rauli Tsirekidze (GEO),84.49,162,200,362,Men
Gabriel Sîncrăian (ROU),84.07,-1,-1,-1,Men
Rim Jong-sim (PRK),68.22,115,146,261,Women
Anna Nurmukhambetova (KAZ),68.71,115,136,251,Women
Ubaldina Valoyes (COL),68.98,111,135,246,Women
Huang Shih-hsu (TPE),68.45,110,131,241,Women
Marie-Ève Beauchemin-Nadeau (CAN),68.92,104,135,239,Women
Esmat Mansour (EGY),68.42,105,130,235,Women
Ghada Hassine (TUN),68.64,102,120,222,Women
Rosa Tenorio (ECU),68.72,95,115,210,Women
Natasha Perdue (GBR),67.98,92,113,205,Women
Mercy Obiero (KEN),67.85,76,105,181,Women
Mun Yu-ra (KOR),68.56,-1,-1,-1,Women
Roxana Cocoș (ROU),68,113,143,256,Women
Maryna Shkermankova (BLR),68.21,113,143,256,Women
Dzina Sazanavets (BLR),68.49,115,141,256,Women
Meline Daluzyan (ARM),68.65,111,-1,-1,Women
Saeid Mohammadpour (IRI),94,183,219,402,Men
Kim Min-jae (KOR),93.68,185,210,395,Men
Tomasz Zieliński (POL),93.61,175,210,385,Men
Aliaksandr Makaranka (BLR),93.65,175,209,384,Men
Kostyantyn Piliyev (UKR),93.59,166,206,372,Men
David Kavelasvili (GRE),93.21,170,200,370,Men
Abbas Al-Qaisoum (KSA),93.06,155,180,335,Men
Peter Kirkbride (GBR),93.37,138,190,328,Men
David Katoatau (KIR),93.32,140,185,325,Men
Cristopher Pavón (HON),93.2,140,180,320,Men
Miika Antti-Roiko (FIN),93.63,140,180,320,Men
Jean Greeff (RSA),93.32,137,176,313,Men
Arsen Kasabijew (POL),93.56,170,-1,-1,Men
Ilya Ilyin (KAZ),93.52,185,233,418,Men
Aleksandr Ivanov (RUS),93.3,185,224,409,Men
Anatolie Cîrîcu (MDA),93.29,181,226,407,Men
Andrey Demanov (RUS),93.85,182,225,407,Men
Intigam Zairov (AZE),93.17,182,215,397,Men
Almas Uteshov (KAZ),93.15,175,220,395,Men
Norayr Vardanyan (ARM),93.83,170,210,380,Men
Endri Karina (ALB),93.9,155,195,350,Men
Lidia Valentín (ESP),74.39,120,145,265,Women
Abeer Abdelrahman (EGY),74.6,118,140,258,Women
Madias Nzesso (CMR),74.55,115,131,246,Women
Ewa Mizdal (POL),70.58,104,127,231,Women
Jaqueline Ferreira (BRA),74.12,102,128,230,Women
María Fernanda Valdés (CHI),74.7,96,127,223,Women
Lim Ji-hye (KOR),74.81,97,126,223,Women
Thuraia Sobh (SYR),73.36,86,115,201,Women
Khadija Mohammed (UAE),74.72,51,62,113,Women
Nadezhda Evstyukhina (RUS),74.23,-1,-1,-1,Women
Svetlana Podobedova (KAZ),74.58,130,161,291,Women
Natalya Zabolotnaya (RUS),74.8,131,160,291,Women
Iryna Kulesha (BLR),74.95,121,148,269,Women
Navab Nassirshalal (IRI),104.41,184,227,411,Men
Bartłomiej Bonk (POL),104.01,190,220,410,Men
Ivan Efremov (UZB),103.83,183,218,401,Men
Ahed Joughili (SYR),104.98,180,218,398,Men
Artūrs Plēsnieks (LAT),103.69,175,215,390,Men
Jorge Arroyo (ECU),103.96,185,200,385,Men
Jürgen Spieß (GER),104.45,172,202,374,Men
Serhiy Tahirov (UKR),104.72,174,200,374,Men
Martin Tešovič (SVK),104.19,167,196,363,Men
Alexandr Zaichikov (KAZ),94.74,155,205,360,Men
Jorge García (CHI),104.41,150,191,341,Men
Walid Bidani (ALG),101.45,160,180,340,Men
Gia Machavariani (GEO),103.86,185,-1,-1,Men
Kim Hwa-seung (KOR),104.55,-1,-1,-1,Men
Marcin Dołęga (POL),104.01,-1,-1,-1,Men
Oleksiy Torokhtiy (UKR),104.31,185,227,412,Men
Ruslan Nurudinov (UZB),102.04,184,220,404,Men
Zhou Lulu (CHN),130.83,146,187,333,Women
Tatiana Kashirina (RUS),102.31,151,181,332,Women
Jang Mi-ran (KOR),118.07,125,164,289,Women
Nahla Ramadan (EGY),105.51,122,155,277,Women
Ele Opeloge (SAM),124.89,117,150,267,Women
Sarah Robles (USA),124.35,120,145,265,Women
Oliba Nieve (ECU),97.43,117,138,255,Women
Mami Shimamoto (JPN),105.9,110,143,253,Women
Holley Mangold (USA),157.04,105,135,240,Women
Astrid Camposeco (GUA),88.52,93,115,208,Women
Luisa Peters (COK),88.58,82,100,182,Women
Alberta Ampomah (GHA),78.53,73,101,174,Women
Mariam Usman (NGR),120.79,129,-1,-1,Women
Hripsime Khurshudyan (ARM),87.58,128,166,294,Women
Behdad Salimi (IRI),168.19,208,247,455,Men
Sajjad Anoushiravani (IRI),152.46,204,245,449,Men
Ruslan Albegov (RUS),147.15,208,240,448,Men
Jeon Sang-guen (KOR),157.53,190,246,436,Men
Irakli Turmanidze (GEO),126.23,201,232,433,Men
Ihor Shymechko (UKR),137.38,197,232,429,Men
Jiří Orság (CZE),128.15,187,239,426,Men
Almir Velagić (GER),141.41,192,234,426,Men
Chen Shih-chieh (TPE),141.14,182,236,418,Men
Péter Nagy (HUN),155.55,191,225,416,Men
Fernando Reis (BRA),140.49,180,220,400,Men
Kazuomi Ota (JPN),146.51,185,215,400,Men
Itte Detenamo (NRU),151.32,175,215,390,Men
Christian López (GUA),139.15,172,215,387,Men
Damon Kelly (AUS),150.83,165,216,381,Men
Frederic Fokejou (CMR),132.74,160,202,362,Men
Carl Henriquez (ARU),150.38,122,160,282,Men
Matthias Steiner (GER),149.98,192,-1,-1,Men
Yauheni Zharnasek (BLR),147.37,196,230,426,Men
Long Qingquan,55.68,137,170,307,Men
Om Yun-chol,55.57,134,169,303,Men
Sinphet Kruaithong,55.43,132,157,289,Men
Arli Chontey,55.64,130,148,278,Men
Trần Lê Quốc Toàn,55.85,121,154,275,Men
Habib de las Salas,55.84,119,147,266,Men
Mirco Scarantino,55.91,115,149,264,Men
Luis García,55.56,118,145,263,Men
Witoon Mingmoon,55.67,113,148,261,Men
Edgar Pineda,56,108,143,251,Men
Hiroaki Takao,55.9,111,138,249,Men
Tan Chi-chung,55.89,110,138,248,Men
Manueli Tulo,55.81,106,136,242,Men
Tom Goegebuer,55.74,111,130,241,Men
Elson Brechtefeld,55.62,98,125,223,Men
Thạch Kim Tuấn,55.55,130,-1,-1,Men
Nestor Colonia,55.11,120,-1,-1,Men
Josué Brachi,55.67,-1,-1,-1,Men
Ösökhbayaryn Chagnaadorj,55.65,-1,-1,-1,Men
Sopita Tanasan,47.91,92,108,200,Women
Sri Wahyuni Agustiani,47.25,85,107,192,Women
Hiromi Miyake,47.95,81,107,188,Women
Beatriz Pirón,47.5,85,102,187,Women
Margarita Yelisseyeva,47.72,80,106,186,Women
Morghan King,47.79,83,100,183,Women
Chen Wei-ling,47.13,81,100,181,Women
Iulia Paratova,47.74,84,95,179,Women
Roilya Ranaivosoa,47.9,80,93,173,Women
Zhanyl Okoeva,47.56,72,97,169,Women
Saikhom Mirabai Chanu,47.77,82,-1,-1,Women
Vương Thị Huyền,47.84,-1,-1,-1,Women
Óscar Figueroa,61.86,142,176,318,Men
Eko Yuli Irawan,61.91,142,170,312,Men
Farkhad Kharki,61.6,135,170,305,Men
Yoichi Itokazu,61.87,133,169,302,Men
Ahmed Saad,62,133,161,294,Men
Morea Baru,61.72,126,164,290,Men
Muhammad Hasbi,61.97,130,160,290,Men
Vaipava Nevo Ioane,61.9,120,161,281,Men
Han Myeong-mok,61.81,130,150,280,Men
Julio Salamanca,62,120,155,275,Men
Julio Acosta González,61.3,120,146,266,Men
Yosuke Nakayama,62,121,145,266,Men
Rick Yves Confiance,62,105,127,232,Men
Jesús López Sanchez,61.9,125,-1,-1,Men
Edouard Joseph,60.2,107,-1,-1,Men
Chen Lijun,61.97,-1,-1,-1,Men
Sudesh Peiris,62,-1,-1,-1,Men
Hsu Shu-ching,52.6,100,112,212,Women
Hidilyn Diaz,52.61,88,112,200,Women
Yoon Jin-hee,52.59,88,111,199,Women
Rebeka Koha,52.11,90,107,197,Women
Rosane Santos,52.57,90,103,193,Women
Kanae Yagi,52.39,81,105,186,Women
Dewi Safitri,52.78,80,105,185,Women
Evagjelia Veli,51.58,75,90,165,Women
Lely Burgos,49.53,72,90,162,Women
Scarleth Mercado,52.85,66,89,155,Women
Fiorella Cueva,48.32,65,88,153,Women
Sofía Rito,51.74,64,82,146,Women
Li Yajun,52.5,101,-1,-1,Women
Shi Zhiyong (CHN),68.72,162,190,352,Men
Daniyar Ismayilov (TUR),68.59,163,188,351,Men
Luis Javier Mosquera (COL),68.54,155,183,338,Men
Bredni Roque (MEX),68.63,145,181,326,Men
Briken Calja (ALB),68.84,145,181,326,Men
Serghei Cechir (MDA),68.75,144,178,322,Men
Bernardin Matam (FRA),68.71,140,180,320,Men
Won Jeong-sik (KOR),68.95,143,177,320,Men
Triyatno (INA),68.6,142,175,317,Men
David Sánchez (ESP),68.61,142,175,317,Men
Tairat Bunsuk (THA),68.65,137,179,316,Men
Mohd Hafifi Mansor (MAS),68.71,140,176,316,Men
Kwon Yong-gwang (PRK),68.36,137,176,313,Men
Doston Yokubov (UZB),68.95,137,176,313,Men
Edwin Mosquera (COL),68.69,140,170,310,Men
Mohsen Al-Duhaylib (KSA),68.96,135,162,297,Men
Pan Chien-hung (TPE),68.79,136,160,296,Men
Kim Myong-hyok (PRK),68.87,157,-1,-1,Men
Karem Ben Hnia (TUN),68.87,147,-1,-1,Men
I Ketut Ariana (INA),68.75,-1,-1,-1,Men
Izzat Artykov (KGZ),68.68,151,188,339,Men
Sukanya Srisurat,56.89,110,130,240,Women
Pimsiri Sirikaew,57.4,102,130,232,Women
Kuo Hsing-chun,57.86,102,129,231,Women
Alexandra Escobar,57.23,100,123,223,Women
Mikiko Ando,57.56,94,124,218,Women
Yuderqui Contreras,57.58,100,117,217,Women
Lina Rivas,57.92,96,120,216,Women
Patricia Domínguez,57.47,96,115,211,Women
Yusleidy Figueroa,57.71,85,116,201,Women
Sabine Kusterer,57.7,90,110,200,Women
Mathlynn Sasser,56.8,87,112,199,Women
Angelica Roos,57.9,84,110,194,Women
Veronika Ivasiuk,57.1,90,103,193,Women
Tia-Clair Toomey,57.7,82,107,189,Women
Jenly Tegu Wini,57.5,84,104,188,Women
Ayesha Al-Balooshi,57,72,90,162,Women
Nijat Rahimov (KAZ),76.19,165,214,379,Men
Lü Xiaojun (CHN),76.83,177,202,379,Men
Mohamed Mahmoud (EGY),76.69,165,196,361,Men
Chatuphum Chinnawong (THA),76.52,165,191,356,Men
Alexandru Șpac (MDA),76.52,155,192,347,Men
Andrés Caicedo (COL),76.26,155,191,346,Men
Andrés Mata (ESP),76.32,153,190,343,Men
Choe Jon-wi (PRK),76.54,153,190,343,Men
Ibrahim Abdelbaki (EGY),76.9,152,186,338,Men
Nico Müller (GER),76.7,151,181,332,Men
Sathish Sivalingam (IND),76.96,148,181,329,Men
Deni (INA),69.38,146,177,323,Men
Andranik Karapetyan (ARM),76.75,174,-1,-1,Men
Dumitru Captari (ROU),76.68,145,-1,-1,Men
Deng Wei,62.34,115,147,262,Women
Choe Hyo-sim,62.17,105,143,248,Women
Karina Goricheva,62.66,111,132,243,Women
Mercedes Pérez,62.74,104,130,234,Women
Eva Gurrola,62.6,100,120,220,Women
Giorgia Bordignon,62.75,98,119,217,Women
Esraa El-Sayed,61.98,100,116,216,Women
Marina Rodríguez,62.2,94,121,215,Women
Namika Matsumoto,62.86,90,115,205,Women
Anni Vuohijoki,62.26,85,107,192,Women
Joana Palacios,62.95,83,107,190,Women
Elisa Ravololoniaina,61.91,85,100,185,Women
Mehtap Kurnaz,62.16,81,100,181,Women
Siripuch Gulnoi,62.56,108,-1,-1,Women
Kianoush Rostami (IRI),84.26,179,217,396,Men
Tian Tao (CHN),84.85,178,217,395,Men
Denis Ulanov (KAZ),84.95,175,215,390,Men
Oleksandr Pielieshenko (UKR),84.73,175,210,385,Men
Petr Asayonak (BLR),84.24,170,207,377,Men
Pavel Khadasevich (BLR),84.47,170,195,365,Men
Fares El-Bakh (QAT),84.79,158,203,361,Men
Giovanni Bardis (FRA),84.63,165,192,357,Men
Benjamin Hennequin (FRA),84.43,155,195,350,Men
Yoelmis Hernández (CUB),84.49,150,200,350,Men
Theodoros Iakovidis (GRE),84.58,160,190,350,Men
Pascal Plamondon (CAN),85,155,190,345,Men
Yu Dong-ju (KOR),84.44,150,190,340,Men
Amar Musić (CRO),84.58,150,186,336,Men
Richie Patterson (NZL),84.13,149,181,330,Men
Hoàng Tấn Tài (VIE),84.27,145,180,325,Men
Welisson Silva (BRA),84.69,145,180,325,Men
Milko Tokola (FIN),84.79,145,175,320,Men
Khalid El-Aabidi (MAR),80.57,120,165,285,Men
Christian Amoah (GHA),83.52,130,153,283,Men
Kyle Micallef (MLT),84.87,-1,-1,-1,Men
Arakel Mirzoyan (ARM),83.67,158,-1,-1,Men
Gabriel Sîncrăian (ROU),84.33,173,217,390,Men
Xiang Yanmei,68.78,116,145,261,Women
Zhazira Zhapparkul,69,115,144,259,Women
Sara Ahmed,68,112,143,255,Women
Leydi Solís,68.61,110,143,253,Women
Nazik Avdalyan,68.55,107,135,242,Women
Darya Pachabut,66.88,105,132,237,Women
Neisi Dajomes,68.83,107,130,237,Women
Mönkhjantsangiin Ankhtsetseg,68.97,106,131,237,Women
Marie-Ève Beauchemin-Nadeau,68.81,98,130,228,Women
Rebekah Tiler,68.59,101,126,227,Women
Apolonia Vaivai,68.88,88,113,201,Women
Duygu Aynacı,68.83,90,110,200,Women
Gulnabat Kadyrova,68.73,90,105,195,Women
Arcangeline Fouodji,68.08,82,105,187,Women
Patrycja Piechowiak,68.32,101,-1,-1,Women
Florina Sorina Hulpan,67.52,100,-1,-1,Women
Anastasiya Mikhalenka,67.23,-1,-1,-1,Women
Sohrab Moradi (IRI),93.64,182,221,403,Men
Vadzim Straltsou (BLR),93.7,175,220,395,Men
Aurimas Didžbalis (LTU),92.42,177,215,392,Men
Sarat Sumpradit (THA),93.05,177,213,390,Men
Ragab Abdelhay (EGY),93.45,174,213,387,Men
Dmytro Chumak (UKR),93.66,174,213,387,Men
Ali Hashemi (IRI),93.1,173,210,383,Men
Aliaksandr Bersanau (BLR),93.57,173,208,381,Men
Volodymyr Hoza (UKR),93.66,170,205,375,Men
Park Han-woong (KOR),92.39,165,202,367,Men
Kendrick Farris (USA),93.24,160,197,357,Men
Kévin Bouly (FRA),93.76,155,190,345,Men
Simplice Ribouem (AUS),93.25,155,185,340,Men
Sonny Webster (GBR),93.58,148,185,333,Men
Cristopher Pavón (HON),93.26,145,180,325,Men
Petit Minkoumba (CMR),91.61,140,165,305,Men
James Adede (KEN),92.89,116,140,256,Men
Tanumafili Jungblut (ASA),92.91,-1,-1,-1,Men
Rim Jong-sim,74.47,121,153,274,Women
Darya Naumava,74.63,116,142,258,Women
Lidia Valentín,74,116,141,257,Women
Ubaldina Valoyes,74.28,111,136,247,Women
Iryna Dekha,74.89,114,133,247,Women
Jenny Arthur,74.65,107,135,242,Women
María Fernanda Valdés,74.66,107,135,242,Women
Gaëlle Nayo-Ketchanke,73.61,102,135,237,Women
Alejandra Garza,74.59,98,126,224,Women
Sona Poghosyan,72.52,97,126,223,Women
Mary Opeloge,74.56,100,118,218,Women
Natalia Prișcepa,73.72,97,116,213,Women
Assiya İpek,69.77,83,103,186,Women
Samira Ouass,73.68,75,97,172,Women
Jaqueline Ferreira,74.89,-1,-1,-1,Women
Ruslan Nurudinov (UZB),104.96,194,237,431,Men
Simon Martirosyan (ARM),104.63,190,227,417,Men
Aleksandr Zaychikov (KAZ),104.51,193,223,416,Men
Yang Zhe (CHN),104.59,190,225,415,Men
Ivan Efremov (UZB),104.9,194,220,414,Men
Mohammad Reza Barari (IRI),104.65,186,220,406,Men
Arkadiusz Michalski (POL),104.77,179,221,400,Men
Artūrs Plēsnieks (LAT),103.99,181,218,399,Men
Salwan Jassim Abbood (IRQ),103.8,180,214,394,Men
Jürgen Spieß (GER),104.51,170,220,390,Men
Sargis Martirosjan (AUT),104.19,179,210,389,Men
Gaber Mohamed (EGY),104.98,173,204,377,Men
Hernán Viera (PER),103.85,151,200,351,Men
David Katoatau (KIR),104.58,145,204,349,Men
Bartłomiej Bonk (POL),104.07,185,-1,-1,Men
Giorgi Chkheidze (GEO),104.74,170,-1,-1,Men
Mateus Gregório (BRA),104.47,170,-1,-1,Men
Meng Suping,120.27,130,177,307,Women
Kim Kuk-hyang,100.43,131,175,306,Women
Sarah Robles,143.3,126,160,286,Women
Shaimaa Khalaf,123.75,117,161,278,Women
Lee Hui-sol,119.49,122,153,275,Women
Son Young-hee,109.58,118,155,273,Women
Yaniuska Espinosa,114.08,121,152,273,Women
Andreea Aanei,120.01,120,145,265,Women
Mariam Usman,122.39,115,150,265,Women
Anastasiya Lysenko,100.97,117,146,263,Women
Yosra Dhieb,120.06,111,138,249,Women
Anastasiia Hotfrid,86.98,113,135,248,Women
Tracey Lambrechs,106.54,98,133,231,Women
Luisa Peters,100.27,100,124,224,Women
Bouchra Fatima Zohra Hirech,80.35,87,105,192,Women
Naryury Pérez,99.91,117,-1,-1,Women
Lasha Talakhadze (GEO),157.34,215,258,473,Men
Gor Minasyan (ARM),143.67,210,241,451,Men
Irakli Turmanidze (GEO),135.58,207,241,448,Men
Ruben Aleksanyan (ARM),151.64,195,245,440,Men
Fernando Reis (BRA),154.58,195,240,435,Men
Rustam Djangabaev (UZB),145.88,195,237,432,Men
Mart Seim (EST),149.1,187,243,430,Men
Jiří Orság (CZE),127.27,185,240,425,Men
Almir Velagić (GER),149.17,188,232,420,Men
Péter Nagy (HUN),158.86,193,227,420,Men
Sardorbek Dustmurotov (UZB),109.79,179,232,411,Men
Aliksei Mzhachyk (BLR),135.6,187,224,411,Men
Walid Bidani (ALG),123.46,190,220,410,Men
Fernando Salas (ECU),162.5,184,221,405,Men
Man Asaad (SYR),143.42,180,220,400,Men
Alexej Prochorow (GER),138.31,180,215,395,Men
Igor Olshanetskyi (ISR),129.54,165,207,372,Men
Ondrej Kružel (SVK),118.64,165,206,371,Men
Ihor Shymechko (UKR),129.75,170,195,365,Men
Behdad Salimi (IRI),169.79,216,-1,-1,Men
Chen Shih-chieh (TPE),151.66,185,-1,-1,Men
Ahmed Mohamed (EGY),143.88,190,-1,-1,Men
Hojamuhammet Toychiyev (TKM),144.71,-1,-1,-1,Men
Li Fabin,60.9,141,172,313,Men
Eko Yuli Irawan,60.8,137,165,302,Men
Igor Son,60.25,131,163,294,Men
Yoichi Itokazu,60.85,133,159,292,Men
Seraj Al-Saleem,60.9,129,159,288,Men
Davide Ruiu,60.9,127,159,286,Men
Shota Mishvelidze,60.95,130,155,285,Men
Luis García,60.95,120,154,274,Men
Simon Brandhuber,61,123,145,268,Men
Morea Baru,61,118,147,265,Men
Eric Andriantsitohaina,60.1,114,150,264,Men
Marcos Rojas,60.9,105,135,240,Men
Thạch Kim Tuấn,60.8,126,-1,-1,Men
Kao Chan-hung,60.7,125,-1,-1,Men
Hou Zhihui,49,94,116,210,Women
Saikhom Mirabai Chanu,48.85,87,115,202,Women
Windy Cantika Aisah,48.8,84,110,194,Women
Fang Wan-ling,48.65,80,101,181,Women
Nina Sterckx,48.75,81,99,180,Women
Ludia Montero,49,82,96,178,Women
Anaïs Michel,48.9,78,99,177,Women
Beatriz Pirón,49,81,95,176,Women
Natasha Rosa Figueiredo,48.95,78,95,173,Women
Dika Toua,48.95,72,95,167,Women
Roilya Ranaivosoa,48.95,73,91,164,Women
Jourdan Delacruz,48.9,86,-1,-1,Women
Hiromi Miyake,48.9,74,-1,-1,Women
Kristina Sobol,49,-1,-1,-1,Women
Chen Lijun,66.85,145,187,332,Men
Luis Javier Mosquera,66.85,151,180,331,Men
Mirko Zanni,66.95,145,177,322,Men
Han Myeong-mok,66.9,147,174,321,Men
Talha Talib,66.95,150,170,320,Men
Adkhamjon Ergashev,67,139,173,312,Men
Mitsunori Konnai,66.95,135,172,307,Men
Goga Chkheidze,66.95,133,169,302,Men
Deni,66.75,135,166,301,Men
Jonathan Muñoz,66.85,135,163,298,Men
Tojonirina Andriantsitohaina,66,130,155,285,Men
Ruben Katoatau,67,105,140,245,Men
Muhammed Furkan Özbek,66.7,142,-1,-1,Men
Bernardin Matam,66.95,135,-1,-1,Men
Hidilyn Diaz,54.8,97,127,224,Women
Liao Qiuyun,54.65,97,126,223,Women
Zulfiya Chinshanlo,54.95,90,123,213,Women
Muattar Nabieva,54.95,98,114,212,Women
Kamila Konotop,54.95,94,112,206,Women
Kristina Şermetowa,54.85,90,115,205,Women
Ham Eun-ji,54.9,85,116,201,Women
Nouha Landoulsi,54.85,88,108,196,Women
Ana Gabriela López,54.8,90,105,195,Women
Joanna Łochowska,54.7,84,102,186,Women
Kanae Yagi,54.75,81,102,183,Women
Rachel Leblanc-Bazinet,54.9,82,99,181,Women
Chiang Nien-hsin,54.8,81,95,176,Women
Mary Kini Lifu,54.5,67,87,154,Women
Shi Zhiyong,72.85,166,198,364,Men
Julio Mayora,72.6,156,190,346,Men
Rahmat Erwin Abdullah,72.41,152,190,342,Men
Briken Calja,72.85,151,190,341,Men
Bozhidar Andreev,72.75,154,184,338,Men
Karem Ben Hnia,72.8,153,185,338,Men
Masanori Miyamoto,72.8,147,188,335,Men
Marin Robu,72.95,155,175,330,Men
Clarence Cummings,72.9,145,180,325,Men
David Sánchez,72.9,146,177,323,Men
Jorge Cárdenas,72.65,145,175,320,Men
Mahmoud Al-Humayd,72.5,141,165,306,Men
Brandon Wakeling,72.4,125,166,291,Men
Abderrahim Moum,71.95,127,151,278,Men
Kuo Hsing-chun,58.65,103,133,236,Women
Polina Guryeva,58.95,96,121,217,Women
Mikiko Ando,58.7,94,120,214,Women
Dora Tchakounté,58.55,96,117,213,Women
Hoàng Thị Duyên,58.65,95,113,208,Women
Yusleidy Figueroa,58.8,91,115,206,Women
Izabella Yaylyan,58.15,95,110,205,Women
Zoe Smith,58.95,87,113,200,Women
Tali Darsigny,59,90,109,199,Women
Sabine Kusterer,58.7,91,107,198,Women
Maria Grazia Alemanno,58.95,85,100,185,Women
Erika Yamasaki,58.75,75,95,170,Women
Magdeline Moyengwa,58.05,70,-1,-1,Women
Alexandra Escobar,58.75,-1,-1,-1,Women
Lü Xiaojun,80.75,170,204,374,Men
Zacarías Bonnat,80.9,163,204,367,Men
Antonino Pizzolato,80.9,165,200,365,Men
Harrison Maurus,80.95,161,200,361,Men
Brayan Rodallegas,80.8,163,196,359,Men
Ritvars Suharevs,80.9,163,195,358,Men
Nico Müller,80.9,159,195,354,Men
Andrés Mata,80.7,158,189,347,Men
Erkand Qerimaj,-1,157,181,338,Men
Amur Salim Al-Khanjari,-1,140,177,317,Men
Cameron McTaggart,-1,140,175,315,Men
Ramzi Bahloul,-1,136,164,300,Men
Rejepbaý Rejepow,80.95,164,-1,-1,Men
Arley Méndez,81,160,-1,-1,Men
Maude Charron,63.3,105,131,236,Women
Giorgia Bordignon,63.7,104,128,232,Women
Chen Wen-huei,63.9,103,127,230,Women
Mercedes Pérez,63.7,101,126,227,Women
Sarah Davies,63.9,100,127,227,Women
Angie Palacios,63.55,104,122,226,Women
Elreen Ando,63.15,100,122,222,Women
Marina Rodríguez,64,98,123,221,Women
Nuray Levent,63.1,100,120,220,Women
Lisa Schweizer,63.6,100,117,217,Women
Kiana Elliott,63.4,101,108,209,Women
Sema Ludrick,64,87,115,202,Women
Yasmin Zammit Stevens,63.7,84,105,189,Women
Chaima Rahmouni,62.9,91,-1,-1,Women
Neisi Dajomes,75.1,118,145,263,Women
Katherine Nye,75.15,111,138,249,Women
Aremi Fuentes,75.65,108,137,245,Women
Patricia Strenius,72.8,102,133,235,Women
Darya Naumava,75.3,103,131,234,Women
Kumushkhon Fayzullaeva,71.8,101,126,227,Women
Emily Muskett,71.85,98,124,222,Women
Kristel Ngarlem,75.35,95,123,218,Women
Mahassen Fattouh,69.6,93,124,217,Women
Nancy Genzel Abouke,71.8,90,113,203,Women
Jeanne Gaëlle Eyenga,75.5,91,111,202,Women
Iryna Dekha,75.75,113,-1,-1,Women
Kim Su-hyeon,75.65,106,-1,-1,Women
Akbar Djuraev,109,193,237,430,Men
Simon Martirosyan,108.9,195,228,423,Men
Artūrs Plēsnieks,108.85,180,230,410,Men
Timur Naniev,108.95,188,221,409,Men
Hristo Hristov,108.9,189,219,408,Men
Jin Yun-seong,107.3,180,220,400,Men
Arkadiusz Michalski,108.6,175,216,391,Men
Wesley Kitts,108.35,177,213,390,Men
Aymen Bacha,108.1,177,211,388,Men
Öwez Öwezow,108.8,171,200,371,Men
Arnas Šidiškis,105.35,156,187,343,Men
Matthew Lydement,108.35,158,180,338,Men
Tanumafili Jungblut,108.9,150,180,330,Men
Ali Hashemi,108.8,184,-1,-1,Men
Wang Zhouyu,84.2,120,150,270,Women
Tamara Salazar,85.3,113,150,263,Women
Crismery Santana,86.5,116,140,256,Women
Mönkhjantsangiin Ankhtsetseg,86.95,110,142,252,Women
Gaëlle Nayo-Ketchanke,84.05,108,139,247,Women
Mattie Rogers,78.55,108,138,246,Women
Naryury Pérez,86.35,112,130,242,Women
Elena Cîlcic,86.8,105,135,240,Women
Kang Yeoun-hee,76.7,103,128,231,Women
Lidia Valentín,80.6,103,122,225,Women
Clementine Meukeugni,85.85,99,125,224,Women
Jaqueline Ferreira,-1,100,115,215,Women
Kanah Andrews-Nahu,-1,94,112,206,Women
Lasha Talakhadze,177,223,265,488,Men
Ali Davoudi,168.25,200,241,441,Men
Man Asaad,147.55,190,234,424,Men
Hojamuhammet Toýçyýew,141.85,184,230,414,Men
David Liti,176.55,178,236,414,Men
Enzo Kuworge,161.1,175,234,409,Men
Péter Nagy,160.3,178,218,396,Men
Marcos Ruiz,109.9,180,215,395,Men
Caine Wilkes,151.15,173,217,390,Men
Sargis Martirosjan,114.35,180,201,381,Men
David Litvinov,128.3,176,205,381,Men
Hsieh Yun-ting,126.05,172,206,378,Men
Jiří Orság,140.9,180,-1,-1,Men
Walid Bidani,5,5,5,5,Men
Li Wenwen,150.1,140,180,320,Women
Emily Campbell,124.8,122,161,283,Women
Sarah Robles,148.3,128,154,282,Women
Lee Seon-mi,118.9,125,152,277,Women
Nurul Akmal,113.55,115,141,256,Women
Charisma Amoe-Tarrant,154.05,105,138,243,Women
Verónica Saladín,126.2,111,131,242,Women
Kuinini Manumua,108.5,103,125,228,Women
Eyurkenia Duverger,103.65,96,129,225,Women
Sarah Fischer,93.35,97,123,220,Women
Anna Van Bellinghen,87.1,96,123,219,Women
Erdenebatyn Bilegsaikhan,-1,85,122,207,Women
Scarleth Ucelo,113.5,87,116,203,Women
Laurel Hubbard,146.7,-1,-1,-1,Women
